fname,ename,epost,tlf,postnummer,kundenummer
Mira,Keller,biv-ikacore81@outlook.com,3816128043,3530,838528
Johan,Duke,kosidu-dori30@hotmail.com,4762614010,3530,748010
London,Cunningham,fadal_acize96@gmail.com,5576433285,3530,432831
Claire,Melton,leciy-ejuka9@aol.com,9153542265,3530,343213
Kareem,Garrison,mes_ozogasu99@outlook.com,6997949084,3530,674967
Kyler,Ferrell,leh-osucuko31@mail.com,2266909939,3530,354599
Camryn,Carver,sayeru_vuru32@aol.com,3135307725,3530,437470
Edith,Campbell,xikide_bebo26@yahoo.com,9924509590,3530,556184
Reed,Glover,vigowe-jepe60@hotmail.com,3854671000,3530,475492
Cailyn,Hobbs,vadot-apuwe65@mail.com,7109785329,3530,566581
Jade,Mosley,bose_wituwu7@aol.com,8297933744,3530,677714
Deandre,Daugherty,suru-wonocu12@outlook.com,3174116246,3530,120410
Dallas,Pruitt,ram_efexopa73@yahoo.com,5624299561,3530,633716
Makhi,Robertson,yohec-orevo83@aol.com,5894865145,3530,284460
Mark,Walsh,xitimu_xele44@yahoo.com,7024671819,3530,571049
Kamden,Black,vofar_akohi45@yahoo.com,2493584096,3530,444482
Andrew,Hale,yafog-onuwa16@mail.com,5708809048,3530,331235
Katelynn,Odom,hikoled_usu89@outlook.com,3258537560,3530,254362
Francisco,Dalton,meyi_voleji61@outlook.com,9258901177,3530,496155
Esther,Davenport,deboy-asuji8@outlook.com,4344092897,3530,938984
Tommy,Beltran,zuhunef_iju75@yahoo.com,2659281112,3530,830603
Aedan,Pennington,kaz-agucopu13@gmail.com,7972177992,3530,245930
Daniela,Foley,jogogu-zejo44@outlook.com,7588397545,3530,952918
Kolten,Kerr,vay_agiyifu24@hotmail.com,6542543582,3530,332706
Junior,Cunningham,tigot_ejane1@yahoo.com,2789853086,3530,886200
Daniella,Coleman,tamohul_uhi94@hotmail.com,2249285633,3530,189622
Shelby,Boyd,megire_lija76@yahoo.com,4132839869,3530,186644
Patience,Choi,nosekis_avu99@yahoo.com,4737408100,3530,840680
Weston,Wolfe,yuna-bopugi67@outlook.com,3427302001,3530,619397
Natalia,Tate,piveyet-abi9@gmail.com,4092681000,3530,331069
Monserrat,Weiss,pacode_ducu8@outlook.com,5216416444,3530,625043
Lennon,Macdonald,mirilev_ipo28@mail.com,6379847163,3530,284353
Alina,Mueller,xuluv_atina17@yahoo.com,6003975340,3530,989778
Giancarlo,Matthews,feseva_waro86@hotmail.com,3655371677,3530,722158
Martin,Phelps,xuwuxaj-una59@gmail.com,5017630339,3530,766975
Ronald,Mcintosh,nawadad_oxu44@mail.com,9916215294,3530,670968
Lena,Joseph,yas_utizima94@aol.com,7212189792,3530,762074
Taylor,Avery,biv-awiluda78@aol.com,2408616353,3530,999740
Jadon,Hoffman,fituwed-uyo2@hotmail.com,2788666802,3530,677119
Ben,Sutton,tuzokur_ofo76@hotmail.com,4275614730,3530,424029
Jadyn,Fowler,peguy-elasi15@mail.com,7852896990,3530,686204
Alexis,Bartlett,goce-limove32@hotmail.com,6655714137,3530,744814
Cristina,Ponce,pokij_ebuze19@mail.com,8157488046,3530,684504
Lindsey,Wilkerson,gil_ezifimi98@yahoo.com,2136129945,3530,779600
Ximena,Marsh,rej-unocaye23@outlook.com,8114935140,3530,661466
Braxton,Hoover,gex-apeyoze24@aol.com,8347295341,3530,927257
Quinn,Ray,fomika_luya76@mail.com,6836840014,3530,679219
Gerald,Cummings,sebef_ejoke47@outlook.com,8265131634,3530,297848
Halle,Snow,nofo-lobezu65@gmail.com,3785448670,3530,331607
Kristin,Ford,kuhokov_opu57@aol.com,5696982523,3530,543954
Londyn,Solomon,cem-ujuhobe50@mail.com,4816275475,3530,790515
Khloe,Hardy,tupezim-ixu51@outlook.com,4306800196,3530,237117
Rowan,Ruiz,zezu_fejide66@yahoo.com,2827107268,3530,258207
Terrell,Petty,wuliyuc-ajo63@gmail.com,6589986443,3530,368771
Ian,Gilbert,soru-mafoma21@outlook.com,8518672232,3530,919512
Asa,Hunt,kavovor_ugo29@outlook.com,7017519580,3530,641356
Rodolfo,Russell,laf_uwojeve15@hotmail.com,5887665325,3530,910414
Jamal,Berg,rog_ivaseje69@mail.com,5972583737,3530,579824
Jermaine,Herring,gaci_pidame24@hotmail.com,7437405229,3530,161975
Rodrigo,Acosta,bafe-hezame69@aol.com,7516324048,3530,926114
Aubrey,Gibbs,tux-isocola54@hotmail.com,5689880477,3530,597991
Donna,Duke,wewemu-nalu88@aol.com,5603588652,3530,232754
Mariah,Ewing,tejob_asebu43@hotmail.com,8907288792,3530,474902
Amelie,Burch,wuruh-owace48@mail.com,5719669627,3530,410596
Aaden,Glover,wawo-kefani89@hotmail.com,4474414440,3530,277554
Laney,Horne,vipawe_besi60@mail.com,2607685440,3530,425749
Hanna,Shaffer,vop-abuyizi23@yahoo.com,2718618390,3530,179223
Chase,Schmitt,pos-ovuhoxo44@aol.com,7898372671,3530,710627
Maleah,Shannon,zuweheg_azi77@aol.com,9327931271,3530,248901
Sage,Stewart,welivig-ogo16@gmail.com,9153304695,3530,618452
Naomi,Bender,nazo_kaguji49@yahoo.com,9538684736,3530,471928
Georgia,Mclean,zoxice_rami84@outlook.com,2498691694,3530,112821
Jaylen,Villa,wova_fopinu43@yahoo.com,5317751577,3530,634849
Bryan,Lang,tunu-fubuma88@hotmail.com,9656316560,3530,262060
Clara,Gentry,femeja-maru91@gmail.com,5789650266,3530,484586
Teagan,Blevins,ped_edajowu73@hotmail.com,6035826291,3530,651912
Tess,Frye,huzapav_ita43@yahoo.com,7685038800,3530,644914
Emma,Gallagher,yugufoy_uni53@outlook.com,7743779250,3530,117785
Paige,Velasquez,zuheve-coti1@mail.com,6879315990,3530,111631
Matthias,Patton,dosura-lafa87@mail.com,4172083633,3530,436944
Terry,Evans,zuli-jizawa40@hotmail.com,2465761126,3530,485016
Genesis,Strong,jeg-uziyaro27@gmail.com,4299056865,3530,720612
Cason,Sandoval,xesiti-rafe48@hotmail.com,8174515598,3530,574331
Angeline,Schultz,kigoxo-tewa16@aol.com,8875363366,3530,199864
Brynlee,Nash,pajezid_usi52@yahoo.com,3666591555,3530,156307
Maddison,Dawson,xipo-cituha93@yahoo.com,3498618587,3530,344835
Anastasia,Hendrix,wez-isucagi77@outlook.com,3614806004,3530,779957
Erick,Villarreal,xoci-dikupo43@hotmail.com,4295953669,3530,548947
Ahmed,Shelton,sosok-uriri82@yahoo.com,9678418468,3530,575628
Samara,Kaufman,suxova-lena95@mail.com,9063277068,3530,134883
Daphne,Harvey,futa_fiyifu95@aol.com,7176213886,3530,957246
Aleena,Underwood,xiru_hituzo16@gmail.com,7219015563,3530,688151
Charlize,Elliott,tilevom_iku87@mail.com,9236184866,3530,155817
Santos,Rivers,makoz-okazu68@yahoo.com,7229258674,3530,155978
Tanya,Sheppard,sog-apezafi8@aol.com,8505264930,3530,147215
Abril,Holder,yik-ukamema97@aol.com,8265549783,3530,603489
Ashly,Castaneda,puhew-ubolo1@aol.com,9614277542,3530,325354
Justice,Bauer,riyar-emire53@outlook.com,3096603404,3530,313568
Jeffrey,Grant,wehaji_degu66@aol.com,6037077612,3530,841117
Marie,Dunlap,doyoli-gika91@aol.com,5335201880,3530,675480
Noah,Davis,burepul_ape42@gmail.com,8802321314,3530,836945
Avery,Holloway,joz-erojaco15@yahoo.com,8729082673,3530,320660
Noel,Moran,bukes_ugisu30@mail.com,7185922459,3530,343729
Austin,Michael,yex_unaceyi58@outlook.com,7916952193,3530,193039
Bella,Bryan,hitude_liva54@yahoo.com,9694513823,3530,558450
Ciara,Fuentes,vijoy_exabo98@aol.com,9363723485,3530,254520
Alessandra,Castro,ciyem-ihoxe89@aol.com,6619980455,3530,886122
Leroy,Hobbs,feza_yimewu92@mail.com,5705323333,3530,447935
Layton,Spence,nehe-hijuje84@outlook.com,3289826419,3530,269018
Ashlynn,Hayes,ducor-uzuza68@mail.com,9748504822,3530,831813
Freddy,Middleton,pahumif_abu42@outlook.com,6256017671,3530,171675
Virginia,Wallace,vagedog_aca55@hotmail.com,2002632463,3530,288282
Lillie,Parsons,wiso-megeni72@mail.com,9033629445,3530,601252
Walter,Lawrence,sohod_aroyo64@hotmail.com,3186200667,3530,550107
Solomon,Camacho,pozer_udabu16@yahoo.com,6178945064,3530,744592
Alexus,Huynh,bov_eyolira79@mail.com,7562102773,3530,226857
Wyatt,Haas,buzuva_kuno15@hotmail.com,9447587534,3530,447412
Jaydon,Sawyer,hol_efumeza53@gmail.com,4633092747,3530,698464
Clare,Mcdonald,nozepab_ali71@outlook.com,3905836749,3530,341301
Bennett,Mullins,sotiwak-ama20@mail.com,9203160622,3530,496148
Brendon,Brewer,pikoy_ajile81@mail.com,3446064373,3530,589040
Lacey,Pitts,tirojej_ixe28@mail.com,4893673142,3530,626151
Edward,Frost,situpi_huwe58@hotmail.com,8929114450,3530,203494
Waylon,Barnett,limu-homije22@yahoo.com,7276618241,3530,677581
Sandra,Frederick,napi_kavevo63@gmail.com,8738146353,3530,221732
Abbigail,Greene,zuxen-oxena4@outlook.com,2086534927,3530,992778
Anika,Blake,bozawi_biye79@hotmail.com,6193111198,3530,302219
Jaiden,Rodriguez,biru-lirola36@gmail.com,6398297908,3530,987169
Laurel,Khan,gapuril_ita91@aol.com,3738670697,3530,651842
Emely,Flynn,litahal-oti58@yahoo.com,7749798871,3530,728478
Kaleb,Macias,giwukil-ama16@gmail.com,7732224205,3530,959095
Orion,Griffith,picanah-iwi97@gmail.com,6874156411,3530,301817
Alexander,Pittman,tajicor_ufi56@gmail.com,9435897134,3530,319654
Jensen,Kent,tar-asimibo54@aol.com,5063679245,3530,894635
Frederick,Graham,juluve_lexe15@aol.com,6897834870,3530,812219
Uriel,Reese,mawosu_tiso75@outlook.com,4933536422,3530,228677
Makaila,Wheeler,cege-wipufe99@hotmail.com,3698128354,3530,778606
Johnny,Cobb,fuhej_irexu43@outlook.com,8428822586,3530,758197
Amanda,Stout,jujocu_zala70@outlook.com,6252426731,3530,311785
Ernest,Long,bave-rureco8@yahoo.com,4322624615,3530,519123
Payton,Houston,xapa_lawode76@hotmail.com,2453955428,3530,451267
Bentley,Huff,nuda_xavucu46@hotmail.com,5458681968,3530,248795
Evangeline,Woodard,caw_oxojupa23@outlook.com,3813444702,3530,583288
Bryant,King,xacumi_loma41@hotmail.com,4617888952,3530,459223
Edwin,Stephens,xoguziz_alu32@gmail.com,5053012424,3530,596112
Christine,Simon,luzewa-sibo1@gmail.com,7603614719,3530,925215
Braedon,Torres,cir-ureyuca31@yahoo.com,7012687820,3530,138545
Micheal,Dickerson,yuca-finuke98@aol.com,8296956798,3530,838113
Derek,Glass,kun_exajulo86@aol.com,3614886463,3530,468940
Caitlyn,Henry,gir-esifara3@hotmail.com,9427592889,3530,987070
Shane,Stokes,gejufaf_iko21@gmail.com,4684903963,3530,117781
Stephen,Patterson,miver_oyaca29@outlook.com,7312661513,3530,287771
Mauricio,Johns,tem_ihutuwa55@hotmail.com,6599355768,3530,261416
Jan,Delacruz,gecawu-nina94@hotmail.com,9334704928,3530,780529
Casey,Whitney,yup-ewayesu2@yahoo.com,6548677898,3530,786457
Kelsie,Barron,xivebe-guxa95@yahoo.com,2029576505,3530,606022
Roy,Douglas,liron_edigo92@aol.com,3616416311,3530,439798
Shiloh,Watson,ciw_agiciru29@hotmail.com,5644515243,3530,663721
Ainsley,Gray,vigiwi_cime4@outlook.com,7777129288,3530,757691
Madison,Dean,xicuhus_imu58@outlook.com,7284826637,3530,550504
Mariyah,Tapia,yenuwak-umi73@mail.com,3425269248,3530,868078
Charlie,Dixon,simaje_gaha44@aol.com,5197382867,3530,155896
Taylor,Alexander,mazec_idufo86@gmail.com,4845374246,3530,206760
Bria,Wilkinson,juzav_adeji30@gmail.com,3302429451,3530,918741
Kierra,Werner,yudami-tutu10@hotmail.com,5249410611,3530,447257
Levi,Chapman,fid_upovape97@yahoo.com,3439478262,3530,569047
Felix,Jensen,haxan-aneza7@aol.com,8606037343,3530,699058
Rey,Hendricks,tiyo-duhivu17@hotmail.com,2599915787,3530,250990
Grady,Carlson,hit-uyutifo58@aol.com,7833686858,3530,994880
Braelyn,Lozano,tivafu_buze8@outlook.com,6564080958,3530,299303
Paula,Reyes,tegopa-voce51@yahoo.com,5259100924,3530,883831
Mariela,Bird,ginuye_dabu76@hotmail.com,7654576041,3530,499887
Kason,Villanueva,tuharuw_oje68@gmail.com,7588011635,3530,710667
Gunner,Petersen,bani_rusewa55@aol.com,3732163944,3530,754815
Zaire,Jennings,mebofi_gopi53@gmail.com,7123102434,3530,422262
Malaki,Barrett,zaceho_yisi69@hotmail.com,2863710771,3530,578633
Jayvon,Sanders,bebacal_ote25@mail.com,8625739167,3530,396459
Keyon,Garrison,kebov-ewati44@yahoo.com,2487099524,3530,440188
Carly,Collins,lilasi_fiye41@hotmail.com,2779920147,3530,472591
Cecilia,Castillo,mawe_zoxahe29@hotmail.com,3168501322,3530,229393
Aubrie,Hammond,moha_gapege50@yahoo.com,2338385486,3530,853692
Reese,Wong,layig-ojusi37@gmail.com,6129322129,3530,371010
Sophie,Carter,laz_ajetanu96@yahoo.com,8242109078,3530,608236
Aidan,Horn,gab-omesoce62@gmail.com,2864517812,3530,135905
Violet,Griffin,zihohit_ive24@yahoo.com,4597397413,3530,839951
Jayden,Mays,feb-osiseti14@hotmail.com,4212813587,3530,687074
Charlie,Robles,feh-efetopa2@aol.com,8298790696,3530,440158
Kelly,Molina,xajeve-xoge82@hotmail.com,6847710272,3530,319800
Ryker,Salinas,deh_ulidone99@gmail.com,9678967506,3530,589524
Konner,Flores,kubu_vedomo42@hotmail.com,6544044160,3530,483807
Kiara,Jhansen,beyapa-fore60@mail.com,2168906489,3530,209629
Myles,olavson,yidoxow-imi8@aol.com,7336810059,3530,206372
Kennedy,gunnar,san-axahoxa26@hotmail.com,7117348973,3530,673565
Helena,Samsung,heruveb-ona56@gmail.com,6729960320,3530,249726
Gillian,gjerdingen,mola-zigafa52@mail.com,2039068099,3530,614971
Selena,hansen,xeyafoc_uyi24@outlook.com,3838651918,3530,687451
Kamryn,hansen,zereh-idoba66@mail.com,4976352022,3530,947427
Mathias,hansen,cebo_texore49@gmail.com,2397446918,3530,323862
Samir,hansen,vatali-xumi73@gmail.com,8529001919,3530,574715
Kristopher,hansen,sodehez-axe97@mail.com,7083994421,3530,881335